username;date;retweets;favorites;text;geo;mentions;hashtags;id;permalink;retweetornot
usminority;2018-05-26 18:40;3;6;"Thanks, @PeteHolmbergNYC ! @RealCandaceO please check out my video on who I’ve left liberalism and the left- and help me get the #WalkAway movement off the ground!!! https://www. facebook.com/usminority/vid eos/486555651765405/ … https:// twitter.com/peteholmbergny c/status/1000478766760714241 …";;@PeteHolmbergNYC @RealCandaceO;#WalkAway;"1000507003838582787";https://twitter.com/usminority/status/1000507003838582787;0
YouMeAndPTSD;2018-05-26 18:28;2;4;"If you express a need or want in order to attain you're happiness and it's dismissed as dramatic or overacting. Then maybe you should reschedule your appointment with happiness elsewhere. #LOVEYOURSELF #relationships #selfworth #walkaway pic.twitter.com/vRixDdV7S7";;;#LOVEYOURSELF #relationships #selfworth #walkaway;"1000504024137981952";https://twitter.com/YouMeAndPTSD/status/1000504024137981952;0
JdDvo;2018-05-26 18:12;0;0;"#Walkaway If Europe want to trade with us, they need to get rid of the #EC dictators. https://www. facebook.com/story.php?stor y_fbid=2171716349730365&id=100006760620546 …";;;#Walkaway #EC;"1000500022734196738";https://twitter.com/JdDvo/status/1000500022734196738;0
CanadaVigilant;2018-05-26 16:33;0;0;"#RealEstateBuyersOfCanada > AbsolutelyJust #StopBuyingFor2 -3 Yrs> Let The #AveragePrice Come Down(Too $390K) To MatchAverage #FamilyIncome ($75K)>UntilThen Stay Where You Are> If You Must Buy ButOffer 30% #BelowAskingPrice Or #WalkAway >Unless Of Course, U Want To LooseYour Shirt";;;#RealEstateBuyersOfCanada #StopBuyingFor2 #AveragePrice #FamilyIncome #BelowAskingPrice #WalkAway;"1000475047251906561";https://twitter.com/CanadaVigilant/status/1000475047251906561;0
EthanLinf;2018-05-26 16:29;0;3;"Please think of the emergency services around this busy period. Already stretched resources will be stretched further. No matter the outcome or how much alcohol people consume, please try and keep a clear mind. Alcohol can distort judgment. #clearhead #walkaway pic.twitter.com/fvi3Z5aBwM";;;#clearhead #walkaway;"1000473899002421253";https://twitter.com/EthanLinf/status/1000473899002421253;0
usminority;2018-05-26 14:53;2;4;"Thank you @PeteHolmbergNYC ! Please join the #WalkAway movement!!! #Minorities in #america its time to #WalkAway from the #DemocraticParty and #Liberalism https:// twitter.com/peteholmbergny c/status/1000436251026182144 …";;@PeteHolmbergNYC;#WalkAway #Minorities #america #WalkAway #DemocraticParty #Liberalism;"1000449794773606400";https://twitter.com/usminority/status/1000449794773606400;1
MikeyTheHarlow;2018-05-26 14:44;0;1;"https:// youtu.be/4Pjs7uoOkag #WalkAway";;;#WalkAway;"1000447482139152384";https://twitter.com/MikeyTheHarlow/status/1000447482139152384;0
PeteHolmbergNYC;2018-05-26 13:59;8;21;"Quite possibly the MOST powerful explanation for leaving the Democratic Party that I have ever heard... #WalkAway https:// twitter.com/usminority/sta tus/1000423835613712384 …";;;#WalkAway;"1000436251026182144";https://twitter.com/PeteHolmbergNYC/status/1000436251026182144;1
usminority;2018-05-26 13:10;17;25;"#WalkAway : http:// youtu.be/4Pjs7uoOkag?a via @YouTube";;@YouTube;#WalkAway;"1000423835613712384";https://twitter.com/usminority/status/1000423835613712384;0
white_mgtow;2018-05-26 12:43;7;22;"#Bluepilled / unaware men getting destroyed and learning about #MGTOW the hard way. #NewNorms #Redpill #Walkaway #Liberty #MemorialDayWeekend2018 pic.twitter.com/ReILTFWVVn";;;#Bluepilled #MGTOW #NewNorms #Redpill #Walkaway #Liberty #MemorialDayWeekend2018;"1000417235985285120";https://twitter.com/white_mgtow/status/1000417235985285120;0
white_mgtow;2018-05-26 12:35;0;0;"Are Women From #Mars Or #Uranus ? - #MGTOW https:// youtu.be/GPbuFU9gqHw via @YouTube #Femalenature #MemorialDayWeekend #Walkaway https:// gab.ai/white_mgtow/po sts/26391774 …";;@YouTube;#Mars #Uranus #MGTOW #Femalenature #MemorialDayWeekend #Walkaway;"1000415249139253248";https://twitter.com/white_mgtow/status/1000415249139253248;0
white_mgtow;2018-05-26 12:07;1;2;"#Tradcons are #addicted to women. #MGTOW #MemorialDayWeekend2018 #Draftwomen #Walkaway pic.twitter.com/BnGxHn5iKt";;;#Tradcons #addicted #MGTOW #MemorialDayWeekend2018 #Draftwomen #Walkaway;"1000408159712722946";https://twitter.com/white_mgtow/status/1000408159712722946;0
subtel1;2018-05-26 12:02;0;2;"He can go and cordially feck himself !!! #WalkAway #NoDeal https:// twitter.com/stop_the_eu/st atus/1000352016336551938 …";;;#WalkAway #NoDeal;"1000406838624620545";https://twitter.com/subtel1/status/1000406838624620545;1
chrisybae92;2018-05-26 11:05;1;2;"#WalkAway by #YoungBoi is litty and its on his #SoundCloud #StrictlyBidness http:// ow.ly/CHCJ30k1SRz";;;#WalkAway #YoungBoi #SoundCloud #StrictlyBidness;"1000392388366553088";https://twitter.com/chrisybae92/status/1000392388366553088;0
Rescue4redempti;2018-05-26 10:26;0;1;"#truth #honest #real #walkaway pic.twitter.com/JJKhRnjE5A";;;#truth #honest #real #walkaway;"1000382593781587972";https://twitter.com/Rescue4redempti/status/1000382593781587972;0
darealjinxy;2018-05-26 09:31;0;0;"NEW SINGLE ALERT #WalkAway >> http:// bit.ly/2huNtBU >> @madmancometh86 > #XXLMagazine Ad coming soon! #MADMAN";;@madmancometh86;#WalkAway #XXLMagazine #MADMAN;"1000368872531382274";https://twitter.com/darealjinxy/status/1000368872531382274;0
onymouse_anne;2018-05-26 07:42;0;1;""It's a big world and most of it is fungible" currently breathless at the vision and relevance of @doctorow book #Walkaway";;@doctorow;#Walkaway;"1000341281770438658";https://twitter.com/onymouse_anne/status/1000341281770438658;0
JdDvo;2018-05-26 05:02;0;0;"#EC despots n dictators don’t want a deal, they only want to dictate! #Walkaway we can do much better. https://www. facebook.com/story.php?stor y_fbid=2171414593093874&id=100006760620546 …";;;#EC #Walkaway;"1000301162791424000";https://twitter.com/JdDvo/status/1000301162791424000;0
erezshek;2018-05-26 01:25;7;7;"A #clique only fronts with an idea of inclusion. You find with time, their perspective is narrow. You want more. You deserve more. #walkaway Choose You. pic.twitter.com/nw4hYMxZb6";;;#clique #walkaway;"1000246447718088705";https://twitter.com/erezshek/status/1000246447718088705;0
NWprepreport;2018-05-26 00:30;5;11;"Recruits- Look here now! If a #Trainer you support & respect tells you to stay away from a top event mainly because his #cashdrawer isn't ringing on the Gig but it's a Legit Opportunity - it is time for you to #WalkAway because he showed you he is #AllAboutThe $$ #RunFromHim pic.twitter.com/qA2xrwM2fH";;;#Trainer #cashdrawer #WalkAway #AllAboutThe #RunFromHim;"1000232574629830657";https://twitter.com/NWprepreport/status/1000232574629830657;0
JdDvo;2018-05-26 19:12;0;0;"#Gottago ,gottagetaway #walkaway #Getsomeballs https://www. facebook.com/story.php?stor y_fbid=2171731449728855&id=100006760620546 …";;;#Gottago #walkaway #Getsomeballs;"1000515031363149824";https://twitter.com/JdDvo/status/1000515031363149824;0
ozarkja;2018-05-26 17:18;0;0;"#WalkAway https://www. facebook.com/usminority/vid eos/486555651765405/ …";;;#WalkAway;"1000486267421736960";https://twitter.com/ozarkja/status/1000486267421736960;0
Johnnyorescue;2018-05-26 10:26;0;0;"#truth #honest #real #walkaway pic.twitter.com/kx5rrKt9dR";;;#truth #honest #real #walkaway;"1000382655353909249";https://twitter.com/Johnnyorescue/status/1000382655353909249;0
LadyZigZag2013;2018-05-26 08:24;0;0;"Yyyaaaaaasssssss @Drake #dropsmic #walkaway https:// twitter.com/OVOSound/statu s/1000138115170914305 …";;@Drake;#dropsmic #walkaway;"1000351959495401472";https://twitter.com/LadyZigZag2013/status/1000351959495401472;1
rubywivessista;2018-05-26 06:06;0;0;"#truth #beingstrong #walkaway #headheldhigh … https://www. instagram.com/p/BjPJdnxhmkb/ ?utm_source=ig_twitter_share&igshid=e2ptu64129kz …";;;#truth #beingstrong #walkaway #headheldhigh;"1000317231069302789";https://twitter.com/rubywivessista/status/1000317231069302789;0
DrSesus8091;2018-05-26 02:45;0;0;"#Artofthedeal @realDonaldTrump @RealJamesWoods @GenFlynn @SecPompeo @VP #WalkAway #MAGA #TRUMP45 #Trump2020 #QAnon #wwg1wga https:// twitter.com/DrSesus8091/st atus/1000263646164017152 …";;@realDonaldTrump @RealJamesWoods @GenFlynn @SecPompeo @VP;#Artofthedeal #WalkAway #MAGA #TRUMP45 #Trump2020 #QAnon #wwg1wga;"1000266709222264832";https://twitter.com/DrSesus8091/status/1000266709222264832;1
darealjinxy;2018-05-26 02:30;0;0;"NEW SINGLE ALERT!!! #WalkAway >> http:// bit.ly/2huNtBU >> @madmancometh86 > #XXLMagazine Ad coming SOON!!! #MADMAN . .";;@madmancometh86;#WalkAway #XXLMagazine #MADMAN;"1000262946855976960";https://twitter.com/darealjinxy/status/1000262946855976960;0
white_mgtow;2018-05-26 01:07;0;1;"Complete with #HIV , what a good deal! #Walkaway";;;#HIV #Walkaway;"1000242048488763392";https://twitter.com/white_mgtow/status/1000242048488763392;0